model,fold,accuracy,f1,roc_auc,pr_auc,sensitivity,specificity,best_params,feature_set
logreg,0,0.8666666666666667,0.8571428571428571,0.84375,0.7510299433231764,0.8571428571428571,0.875,"{'clf__C': np.float64(0.1668100537200059), 'clf__l1_ratio': 0.0, 'clf__solver': 'liblinear'}",selected
logreg,1,0.8666666666666667,0.8571428571428571,0.9553571428571428,0.961361737677527,0.8571428571428571,0.875,"{'clf__C': np.float64(0.5994842503189409), 'clf__l1_ratio': 0.0, 'clf__solver': 'liblinear'}",selected
logreg,2,0.7333333333333333,0.7142857142857143,0.8080357142857143,0.818189270657758,0.7142857142857143,0.75,"{'clf__C': np.float64(0.1668100537200059), 'clf__l1_ratio': 0.0, 'clf__solver': 'liblinear'}",selected
logreg,3,0.8333333333333334,0.8148148148148148,0.8080357142857142,0.8295325706039991,0.7857142857142857,0.875,"{'clf__C': np.float64(7.742636826811277), 'clf__l1_ratio': 1.0, 'clf__solver': 'liblinear'}",selected
logreg,4,0.8,0.75,0.96875,0.9608861376718518,0.6428571428571429,0.9375,"{'clf__C': np.float64(7.742636826811277), 'clf__l1_ratio': 1.0, 'clf__solver': 'liblinear'}",selected
logreg,5,0.7,0.64,0.8125,0.8072265269744261,0.5714285714285714,0.8125,"{'clf__C': np.float64(0.5994842503189409), 'clf__l1_ratio': 0.0, 'clf__solver': 'liblinear'}",selected
logreg,6,0.9666666666666667,0.9629629629629629,0.9553571428571429,0.9702380952380951,0.9285714285714286,1.0,"{'clf__C': np.float64(2.1544346900318843), 'clf__l1_ratio': 0.0, 'clf__solver': 'liblinear'}",selected
logreg,7,0.9655172413793104,0.9629629629629629,0.9903846153846154,0.9885883347421807,1.0,0.9375,"{'clf__C': np.float64(0.5994842503189409), 'clf__l1_ratio': 0.0, 'clf__solver': 'liblinear'}",selected
logreg,8,0.7586206896551724,0.72,0.9326923076923077,0.9290128674744058,0.6923076923076923,0.8125,"{'clf__C': np.float64(2.1544346900318843), 'clf__l1_ratio': 0.0, 'clf__solver': 'liblinear'}",selected
logreg,9,0.9310344827586207,0.9230769230769231,0.9711538461538461,0.9695730363151176,0.9230769230769231,0.9375,"{'clf__C': np.float64(0.5994842503189409), 'clf__l1_ratio': 1.0, 'clf__solver': 'liblinear'}",selected
rf,0,0.8333333333333334,0.8148148148148148,0.9151785714285714,0.9247879313668785,0.7857142857142857,0.875,"{'clf__max_depth': 5, 'clf__min_samples_leaf': 8, 'clf__n_estimators': 100}",selected
rf,1,0.8,0.7857142857142857,0.9330357142857143,0.9334103396603395,0.7857142857142857,0.8125,"{'clf__max_depth': 3, 'clf__min_samples_leaf': 8, 'clf__n_estimators': 100}",selected
rf,2,0.7333333333333333,0.7142857142857143,0.84375,0.8401801234327722,0.7142857142857143,0.75,"{'clf__max_depth': 4, 'clf__min_samples_leaf': 4, 'clf__n_estimators': 50}",selected
rf,3,0.8,0.7692307692307693,0.7991071428571428,0.7890062843319146,0.7142857142857143,0.875,"{'clf__max_depth': 2, 'clf__min_samples_leaf': 4, 'clf__n_estimators': 50}",selected
rf,4,0.8666666666666667,0.8461538461538461,0.9642857142857143,0.9572096670836165,0.7857142857142857,0.9375,"{'clf__max_depth': 4, 'clf__min_samples_leaf': 4, 'clf__n_estimators': 100}",selected
rf,5,0.7333333333333333,0.6923076923076923,0.8392857142857143,0.8415173249800578,0.6428571428571429,0.8125,"{'clf__max_depth': 5, 'clf__min_samples_leaf': 2, 'clf__n_estimators': 50}",selected
rf,6,0.9666666666666667,0.9629629629629629,0.96875,0.976190476190476,0.9285714285714286,1.0,"{'clf__max_depth': 5, 'clf__min_samples_leaf': 8, 'clf__n_estimators': 100}",selected
rf,7,0.8620689655172413,0.8461538461538461,0.9807692307692307,0.9787545787545786,0.8461538461538461,0.875,"{'clf__max_depth': 4, 'clf__min_samples_leaf': 2, 'clf__n_estimators': 100}",selected
rf,8,0.8275862068965517,0.782608695652174,0.9423076923076923,0.9400646586881403,0.6923076923076923,0.9375,"{'clf__max_depth': 4, 'clf__min_samples_leaf': 8, 'clf__n_estimators': 100}",selected
rf,9,0.8620689655172413,0.8461538461538461,0.9615384615384616,0.9575081780964132,0.8461538461538461,0.875,"{'clf__max_depth': 5, 'clf__min_samples_leaf': 4, 'clf__n_estimators': 50}",selected
svm,0,0.8666666666666667,0.8571428571428571,0.8526785714285714,0.7580289749932607,0.8571428571428571,0.875,"{'clf__estimator__C': np.float64(0.1), 'clf__estimator__gamma': 'scale', 'clf__estimator__kernel': 'linear'}",selected
svm,1,0.8333333333333334,0.8275862068965517,0.9419642857142857,0.9505205320994794,0.8571428571428571,0.8125,"{'clf__estimator__C': np.float64(0.1), 'clf__estimator__gamma': 'scale', 'clf__estimator__kernel': 'linear'}",selected
svm,2,0.7333333333333333,0.7142857142857143,0.8303571428571428,0.8424957710356868,0.7142857142857143,0.75,"{'clf__estimator__C': np.float64(0.1), 'clf__estimator__gamma': 'scale', 'clf__estimator__kernel': 'linear'}",selected
svm,3,0.8333333333333334,0.8148148148148148,0.8125,0.8296043016557665,0.7857142857142857,0.875,"{'clf__estimator__C': np.float64(1.0), 'clf__estimator__gamma': 'scale', 'clf__estimator__kernel': 'linear'}",selected
svm,4,0.8666666666666667,0.8461538461538461,0.96875,0.9685075953458304,0.7857142857142857,0.9375,"{'clf__estimator__C': np.float64(1.0), 'clf__estimator__gamma': 'scale', 'clf__estimator__kernel': 'rbf'}",selected
svm,5,0.7333333333333333,0.6923076923076923,0.8035714285714286,0.8119100160000203,0.6428571428571429,0.8125,"{'clf__estimator__C': np.float64(0.1), 'clf__estimator__gamma': 'scale', 'clf__estimator__kernel': 'linear'}",selected
svm,6,0.9666666666666667,0.9629629629629629,0.9330357142857143,0.9630541871921181,0.9285714285714286,1.0,"{'clf__estimator__C': np.float64(1.0), 'clf__estimator__gamma': 'scale', 'clf__estimator__kernel': 'linear'}",selected
svm,7,0.9655172413793104,0.9629629629629629,0.9951923076923077,0.9945054945054943,1.0,0.9375,"{'clf__estimator__C': np.float64(100.0), 'clf__estimator__gamma': 'scale', 'clf__estimator__kernel': 'linear'}",selected
svm,8,0.7931034482758621,0.75,0.9086538461538461,0.9132085020242913,0.6923076923076923,0.875,"{'clf__estimator__C': np.float64(100.0), 'clf__estimator__gamma': 'scale', 'clf__estimator__kernel': 'linear'}",selected
svm,9,0.896551724137931,0.88,0.9711538461538461,0.9695730363151176,0.8461538461538461,0.9375,"{'clf__estimator__C': np.float64(0.1), 'clf__estimator__gamma': 'scale', 'clf__estimator__kernel': 'linear'}",selected
