arm,model,accuracy_mean,accuracy_std,accuracy_ci_low,accuracy_ci_high,f1_mean,f1_std,f1_ci_low,f1_ci_high,roc_auc_mean,roc_auc_std,roc_auc_ci_low,roc_auc_ci_high
A,logreg,0.8421839080459771,0.09469579448139158,0.7744426174973349,0.9099251985946193,0.8202389092389092,0.11193384895454805,0.7401662573773959,0.9003115611004224,0.9046016483516484,0.07650696776686863,0.8498718606047438,0.9593314360985529
A,rf,0.8285057471264368,0.06876898348137854,0.77931137987645,0.8777001143764235,0.8060386473429952,0.07688385362640639,0.7510392516937077,0.8610380429922828,0.9148008241758243,0.06422232769890403,0.8688589385389022,0.9607427098127465
A,svm,0.8488505747126437,0.08211086430601668,0.7901120008761146,0.9075891485491728,0.8308217057527403,0.09299618405434969,0.7642962432605422,0.8973471682449383,0.9017857142857144,0.0713290756510652,0.8507599674222209,0.9528114611492079
B,logreg,0.8220689655172414,0.07612632484142266,0.7676114733157635,0.8765264577187193,0.804450503685886,0.08502919161134659,0.7436242842576063,0.8652767231141657,0.8971840659340659,0.07740367348544631,0.8418128135587534,0.9525553183093783
B,rf,0.835632183908046,0.09316413202964173,0.7689865786718789,0.902277789144213,0.8138417433529878,0.10369640587003873,0.7396618032895186,0.8880216834164569,0.9210851648351648,0.05831439887123377,0.8793695568850998,0.9628007727852298
B,svm,0.8320689655172414,0.09880073887061727,0.761391174651141,0.9027467563833418,0.8103227232537578,0.11091632765117741,0.730977962283583,0.8896674842239325,0.8951236263736264,0.07781512244074419,0.8394580411466872,0.9507892116005656
C,logreg,0.8156321839080458,0.09092850882458313,0.7505858471707657,0.8806785206453259,0.8045211081095397,0.08915029147707179,0.7407468314321187,0.8682953847869607,0.8934065934065935,0.09281938529083222,0.8270076051308447,0.9598055816823422
C,rf,0.8189655172413792,0.11059498304735854,0.7398506323527427,0.8980804021300157,0.7919667229322402,0.1357400963418531,0.6948641075969723,0.8890693382675082,0.9088255494505495,0.08947149621814965,0.8448214967433679,0.9728296021577311
C,svm,0.8119540229885057,0.10138310404337585,0.7394289193623343,0.8844791266146771,0.784455233255833,0.1274012177526679,0.6933178923073896,0.8755925742042764,0.8842719780219779,0.08697178297215795,0.8220561124482628,0.9464878435956929
