model,sex,arm,TN,FP,FN,TP,accuracy,sensitivity,specificity
logreg,female,A,69,2,8,17,0.8958333333333334,0.68,0.971830985915493
logreg,female,B,66,5,8,17,0.8645833333333334,0.68,0.9295774647887324
logreg,female,C,64,7,6,19,0.8645833333333334,0.76,0.9014084507042254
logreg,male,A,72,17,20,92,0.8159203980099502,0.8214285714285714,0.8089887640449438
logreg,male,B,69,20,20,92,0.8009950248756219,0.8214285714285714,0.7752808988764045
logreg,male,C,67,22,20,92,0.7910447761194029,0.8214285714285714,0.7528089887640449
rf,female,A,68,3,7,18,0.8958333333333334,0.72,0.9577464788732394
rf,female,B,70,1,9,16,0.8958333333333334,0.64,0.9859154929577465
rf,female,C,66,5,4,21,0.90625,0.84,0.9295774647887324
rf,male,A,72,17,24,88,0.7960199004975125,0.7857142857142857,0.8089887640449438
rf,male,B,71,18,21,91,0.8059701492537313,0.8125,0.797752808988764
rf,male,C,73,16,29,83,0.7761194029850746,0.7410714285714286,0.8202247191011236
svm,female,A,69,2,7,18,0.90625,0.72,0.971830985915493
svm,female,B,69,2,8,17,0.8958333333333334,0.68,0.971830985915493
svm,female,C,66,5,4,21,0.90625,0.84,0.9295774647887324
svm,male,A,72,17,19,93,0.8208955223880597,0.8303571428571429,0.8089887640449438
svm,male,B,71,18,22,90,0.8009950248756219,0.8035714285714286,0.797752808988764
svm,male,C,71,18,29,83,0.7661691542288557,0.7410714285714286,0.797752808988764
