arm,model,fold,TN,FP,FN,TP,sensitivity,specificity
A,logreg,0,14,2,2,12,0.8571428571428571,0.875
A,logreg,1,14,2,2,12,0.8571428571428571,0.875
A,logreg,2,12,4,4,10,0.7142857142857143,0.75
A,logreg,3,14,2,3,11,0.7857142857142857,0.875
A,logreg,4,15,1,5,9,0.6428571428571429,0.9375
A,logreg,5,13,3,6,8,0.5714285714285714,0.8125
A,logreg,6,16,0,1,13,0.9285714285714286,1.0
A,logreg,7,15,1,0,13,1.0,0.9375
A,logreg,8,13,3,4,9,0.6923076923076923,0.8125
A,logreg,9,15,1,1,12,0.9230769230769231,0.9375
A,rf,0,14,2,3,11,0.7857142857142857,0.875
A,rf,1,13,3,3,11,0.7857142857142857,0.8125
A,rf,2,12,4,4,10,0.7142857142857143,0.75
A,rf,3,14,2,4,10,0.7142857142857143,0.875
A,rf,4,15,1,3,11,0.7857142857142857,0.9375
A,rf,5,13,3,5,9,0.6428571428571429,0.8125
A,rf,6,16,0,1,13,0.9285714285714286,1.0
A,rf,7,14,2,2,11,0.8461538461538461,0.875
A,rf,8,15,1,4,9,0.6923076923076923,0.9375
A,rf,9,14,2,2,11,0.8461538461538461,0.875
A,svm,0,14,2,2,12,0.8571428571428571,0.875
A,svm,1,13,3,2,12,0.8571428571428571,0.8125
A,svm,2,12,4,4,10,0.7142857142857143,0.75
A,svm,3,14,2,3,11,0.7857142857142857,0.875
A,svm,4,15,1,3,11,0.7857142857142857,0.9375
A,svm,5,13,3,5,9,0.6428571428571429,0.8125
A,svm,6,16,0,1,13,0.9285714285714286,1.0
A,svm,7,15,1,0,13,1.0,0.9375
A,svm,8,14,2,4,9,0.6923076923076923,0.875
A,svm,9,15,1,2,11,0.8461538461538461,0.9375
B,logreg,0,12,4,2,12,0.8571428571428571,0.75
B,logreg,1,13,3,2,12,0.8571428571428571,0.8125
B,logreg,2,12,4,5,9,0.6428571428571429,0.75
B,logreg,3,13,3,3,11,0.7857142857142857,0.8125
B,logreg,4,16,0,5,9,0.6428571428571429,1.0
B,logreg,5,12,4,5,9,0.6428571428571429,0.75
B,logreg,6,16,0,2,12,0.8571428571428571,1.0
B,logreg,7,13,3,1,12,0.9230769230769231,0.8125
B,logreg,8,14,2,2,11,0.8461538461538461,0.875
B,logreg,9,14,2,1,12,0.9230769230769231,0.875
B,rf,0,14,2,2,12,0.8571428571428571,0.875
B,rf,1,13,3,2,12,0.8571428571428571,0.8125
B,rf,2,11,5,4,10,0.7142857142857143,0.6875
B,rf,3,15,1,4,10,0.7142857142857143,0.9375
B,rf,4,15,1,4,10,0.7142857142857143,0.9375
B,rf,5,12,4,6,8,0.5714285714285714,0.75
B,rf,6,16,0,2,12,0.8571428571428571,1.0
B,rf,7,15,1,0,13,1.0,0.9375
B,rf,8,15,1,4,9,0.6923076923076923,0.9375
B,rf,9,15,1,2,11,0.8461538461538461,0.9375
B,svm,0,13,3,2,12,0.8571428571428571,0.8125
B,svm,1,15,1,2,12,0.8571428571428571,0.9375
B,svm,2,11,5,6,8,0.5714285714285714,0.6875
B,svm,3,15,1,3,11,0.7857142857142857,0.9375
B,svm,4,15,1,5,9,0.6428571428571429,0.9375
B,svm,5,12,4,5,9,0.6428571428571429,0.75
B,svm,6,16,0,1,13,0.9285714285714286,1.0
B,svm,7,14,2,2,11,0.8461538461538461,0.875
B,svm,8,15,1,3,10,0.7692307692307693,0.9375
B,svm,9,14,2,1,12,0.9230769230769231,0.875
C,logreg,0,13,3,2,12,0.8571428571428571,0.8125
C,logreg,1,13,3,2,12,0.8571428571428571,0.8125
C,logreg,2,10,6,4,10,0.7142857142857143,0.625
C,logreg,3,10,6,3,11,0.7857142857142857,0.625
C,logreg,4,16,0,4,10,0.7142857142857143,1.0
C,logreg,5,12,4,5,9,0.6428571428571429,0.75
C,logreg,6,14,2,2,12,0.8571428571428571,0.875
C,logreg,7,13,3,0,13,1.0,0.8125
C,logreg,8,15,1,2,11,0.8461538461538461,0.9375
C,logreg,9,15,1,2,11,0.8461538461538461,0.9375
C,rf,0,13,3,2,12,0.8571428571428571,0.8125
C,rf,1,13,3,2,12,0.8571428571428571,0.8125
C,rf,2,12,4,6,8,0.5714285714285714,0.75
C,rf,3,12,4,3,11,0.7857142857142857,0.75
C,rf,4,16,0,2,12,0.8571428571428571,1.0
C,rf,5,12,4,8,6,0.42857142857142855,0.75
C,rf,6,15,1,3,11,0.7857142857142857,0.9375
C,rf,7,15,1,2,11,0.8461538461538461,0.9375
C,rf,8,16,0,4,9,0.6923076923076923,1.0
C,rf,9,15,1,1,12,0.9230769230769231,0.9375
C,svm,0,14,2,3,11,0.7857142857142857,0.875
C,svm,1,13,3,2,12,0.8571428571428571,0.8125
C,svm,2,11,5,6,8,0.5714285714285714,0.6875
C,svm,3,13,3,3,11,0.7857142857142857,0.8125
C,svm,4,16,0,2,12,0.8571428571428571,1.0
C,svm,5,13,3,8,6,0.42857142857142855,0.8125
C,svm,6,14,2,2,12,0.8571428571428571,0.875
C,svm,7,14,2,1,12,0.9230769230769231,0.875
C,svm,8,16,0,4,9,0.6923076923076923,1.0
C,svm,9,13,3,2,11,0.8461538461538461,0.8125
