arm,model,accuracy,sensitivity,specificity,precision,npv,f1,n_errors,accuracy_ci,sensitivity_ci,specificity_ci
A,Logistic regression,0.8249158249158249,0.7664233576642335,0.875,0.84,0.813953488372093,0.8015267175572519,52,"[0.782, 0.868]","[0.696, 0.837]","[0.824, 0.926]"
B,Logistic regression,0.8316498316498316,0.7883211678832117,0.86875,0.8372093023255814,0.8273809523809523,0.8120300751879699,50,"[0.789, 0.874]","[0.720, 0.857]","[0.816, 0.921]"
C,Logistic regression,0.835016835016835,0.8102189781021898,0.85625,0.8283582089552238,0.8404907975460123,0.8191881918819188,49,"[0.793, 0.877]","[0.745, 0.876]","[0.802, 0.911]"
A,Random forest,0.8451178451178452,0.7737226277372263,0.90625,0.8760330578512396,0.8238636363636364,0.8217054263565892,46,"[0.804, 0.886]","[0.704, 0.844]","[0.861, 0.951]"
B,Random forest,0.8383838383838383,0.8102189781021898,0.8625,0.8345864661654135,0.8414634146341463,0.8222222222222222,48,"[0.797, 0.880]","[0.745, 0.876]","[0.809, 0.916]"
C,Random forest,0.8282828282828283,0.7737226277372263,0.875,0.8412698412698413,0.8187134502923976,0.8060836501901141,51,"[0.785, 0.871]","[0.704, 0.844]","[0.824, 0.926]"
A,Support vector machine,0.8451178451178452,0.8175182481751825,0.86875,0.8421052631578947,0.8475609756097561,0.8296296296296296,46,"[0.804, 0.886]","[0.753, 0.882]","[0.816, 0.921]"
B,Support vector machine,0.8148148148148148,0.7737226277372263,0.85,0.8153846153846154,0.8143712574850299,0.7940074906367042,55,"[0.771, 0.859]","[0.704, 0.844]","[0.795, 0.905]"
C,Support vector machine,0.8282828282828283,0.7883211678832117,0.8625,0.8307692307692308,0.8263473053892215,0.8089887640449438,51,"[0.785, 0.871]","[0.720, 0.857]","[0.809, 0.916]"
