arm,model,pooled_oof_auc,log_loss,fold_mean_pooled_auc,fold_mean_weighted_group_auc,pooled_minus_weighted
A,Logistic regression,0.9083485401459854,0.40155875340068653,0.9121446078431372,0.9121446078431372,0.0
B,Logistic regression,0.8860857664233576,0.4443314985235159,0.8904916774402067,0.8999591564246737,-0.009467478984466982
C,Logistic regression,0.8804288321167884,0.5363277393590077,0.8936212561947856,0.8077455443662339,0.08587571182855169
A,Random forest,0.9128649635036498,0.4009708067266589,0.9165907132083604,0.9165907132083604,0.0
B,Random forest,0.9148722627737226,0.38987148190624205,0.9265967733247145,0.9090163540163541,0.017580419308360407
C,Random forest,0.9095346715328466,0.39038916212021435,0.9149943438914028,0.8499912150429392,0.0650031288484636
A,Support vector machine,0.9079379562043796,0.38541326757725575,0.9048277580262875,0.9048277580262875,0.0
B,Support vector machine,0.8941149635036497,0.40921214457258936,0.8964159125188536,0.8780258247499626,0.01839008776889095
C,Support vector machine,0.886633211678832,0.4159247759558711,0.9000890163757811,0.7759725153518258,0.12411650102395533
