feature,median_rank_univariate,median_rank_mutual_info,median_rank_random_forest,mean_rank_across_methods,median_pvalue,frac_folds_in_consensus_bottom4,in_selected_set
thal,1.0,1.0,2.0,1.3333333333333333,1.1237963256231462e-16,0.0,True
cp,2.0,2.0,3.5,2.5,7.57141122021572e-15,0.0,True
ca,3.0,3.0,3.5,3.1666666666666665,3.910015248039538e-14,0.0,True
thalach,4.5,6.5,2.0,4.333333333333333,7.380908399823533e-13,0.0,True
oldpeak,4.0,5.0,4.5,4.5,6.263075978540366e-13,0.0,True
exang,6.0,5.0,10.0,7.0,1.412688776077461e-11,0.0,True
slope,7.0,6.0,9.0,7.333333333333333,3.902537532637618e-09,0.0,True
chol,12.0,8.0,7.0,9.0,0.19333890057891834,0.0,False
age,9.0,12.25,6.0,9.083333333333334,0.00015014763421191118,0.2,True
sex,8.0,9.0,11.0,9.333333333333334,9.272447720221928e-06,0.8,True
trestbps,10.5,12.5,8.0,10.333333333333334,0.011839255705681315,1.0,False
restecg,10.5,10.0,12.0,10.833333333333334,0.012156513785681129,1.0,False
fbs,13.0,12.0,13.0,12.666666666666666,1.0,1.0,False
