model,fold,subgroup,best_params
Logistic regression,0,male,"{'clf__C': np.float64(0.1668100537200059), 'clf__l1_ratio': 1.0}"
Logistic regression,0,female,"{'clf__C': np.float64(0.001), 'clf__l1_ratio': 0.0}"
Logistic regression,1,male,"{'clf__C': np.float64(0.1668100537200059), 'clf__l1_ratio': 1.0}"
Logistic regression,1,female,"{'clf__C': np.float64(0.1668100537200059), 'clf__l1_ratio': 0.0}"
Logistic regression,2,male,"{'clf__C': np.float64(0.01291549665014884), 'clf__l1_ratio': 0.0}"
Logistic regression,2,female,"{'clf__C': np.float64(0.01291549665014884), 'clf__l1_ratio': 0.0}"
Logistic regression,3,male,"{'clf__C': np.float64(0.1668100537200059), 'clf__l1_ratio': 1.0}"
Logistic regression,3,female,"{'clf__C': np.float64(0.1668100537200059), 'clf__l1_ratio': 0.0}"
Logistic regression,4,male,"{'clf__C': np.float64(27.825594022071257), 'clf__l1_ratio': 0.0}"
Logistic regression,4,female,"{'clf__C': np.float64(0.1668100537200059), 'clf__l1_ratio': 0.0}"
Logistic regression,5,male,"{'clf__C': np.float64(0.1668100537200059), 'clf__l1_ratio': 1.0}"
Logistic regression,5,female,"{'clf__C': np.float64(0.001), 'clf__l1_ratio': 0.0}"
Logistic regression,6,male,"{'clf__C': np.float64(0.1668100537200059), 'clf__l1_ratio': 1.0}"
Logistic regression,6,female,"{'clf__C': np.float64(0.01291549665014884), 'clf__l1_ratio': 0.0}"
Logistic regression,7,male,"{'clf__C': np.float64(0.001), 'clf__l1_ratio': 0.0}"
Logistic regression,7,female,"{'clf__C': np.float64(0.5994842503189409), 'clf__l1_ratio': 1.0}"
Logistic regression,8,male,"{'clf__C': np.float64(0.1668100537200059), 'clf__l1_ratio': 1.0}"
Logistic regression,8,female,"{'clf__C': np.float64(0.5994842503189409), 'clf__l1_ratio': 1.0}"
Logistic regression,9,male,"{'clf__C': np.float64(0.1668100537200059), 'clf__l1_ratio': 1.0}"
Logistic regression,9,female,"{'clf__C': np.float64(0.01291549665014884), 'clf__l1_ratio': 0.0}"
Random forest,0,male,"{'clf__max_depth': 2, 'clf__min_samples_leaf': 2, 'clf__n_estimators': 100}"
Random forest,0,female,"{'clf__max_depth': 2, 'clf__min_samples_leaf': 4, 'clf__n_estimators': 100}"
Random forest,1,male,"{'clf__max_depth': 3, 'clf__min_samples_leaf': 4, 'clf__n_estimators': 100}"
Random forest,1,female,"{'clf__max_depth': 4, 'clf__min_samples_leaf': 4, 'clf__n_estimators': 50}"
Random forest,2,male,"{'clf__max_depth': 3, 'clf__min_samples_leaf': 2, 'clf__n_estimators': 100}"
Random forest,2,female,"{'clf__max_depth': 4, 'clf__min_samples_leaf': 2, 'clf__n_estimators': 100}"
Random forest,3,male,"{'clf__max_depth': 4, 'clf__min_samples_leaf': 2, 'clf__n_estimators': 100}"
Random forest,3,female,"{'clf__max_depth': 2, 'clf__min_samples_leaf': 4, 'clf__n_estimators': 50}"
Random forest,4,male,"{'clf__max_depth': 5, 'clf__min_samples_leaf': 4, 'clf__n_estimators': 100}"
Random forest,4,female,"{'clf__max_depth': 2, 'clf__min_samples_leaf': 2, 'clf__n_estimators': 50}"
Random forest,5,male,"{'clf__max_depth': 5, 'clf__min_samples_leaf': 4, 'clf__n_estimators': 100}"
Random forest,5,female,"{'clf__max_depth': 2, 'clf__min_samples_leaf': 2, 'clf__n_estimators': 100}"
Random forest,6,male,"{'clf__max_depth': 5, 'clf__min_samples_leaf': 2, 'clf__n_estimators': 50}"
Random forest,6,female,"{'clf__max_depth': 4, 'clf__min_samples_leaf': 4, 'clf__n_estimators': 50}"
Random forest,7,male,"{'clf__max_depth': 4, 'clf__min_samples_leaf': 8, 'clf__n_estimators': 100}"
Random forest,7,female,"{'clf__max_depth': 2, 'clf__min_samples_leaf': 2, 'clf__n_estimators': 50}"
Random forest,8,male,"{'clf__max_depth': 5, 'clf__min_samples_leaf': 4, 'clf__n_estimators': 50}"
Random forest,8,female,"{'clf__max_depth': 5, 'clf__min_samples_leaf': 2, 'clf__n_estimators': 50}"
Random forest,9,male,"{'clf__max_depth': 5, 'clf__min_samples_leaf': 8, 'clf__n_estimators': 100}"
Random forest,9,female,"{'clf__max_depth': 2, 'clf__min_samples_leaf': 2, 'clf__n_estimators': 100}"
Support vector machine,0,male,"{'clf__estimator__C': np.float64(0.01), 'clf__estimator__gamma': 'scale', 'clf__estimator__kernel': 'linear'}"
Support vector machine,0,female,"{'clf__estimator__C': np.float64(0.01), 'clf__estimator__gamma': 'scale', 'clf__estimator__kernel': 'linear'}"
Support vector machine,1,male,"{'clf__estimator__C': np.float64(0.01), 'clf__estimator__gamma': 'scale', 'clf__estimator__kernel': 'linear'}"
Support vector machine,1,female,"{'clf__estimator__C': np.float64(0.001), 'clf__estimator__gamma': 'scale', 'clf__estimator__kernel': 'linear'}"
Support vector machine,2,male,"{'clf__estimator__C': np.float64(0.01), 'clf__estimator__gamma': 'scale', 'clf__estimator__kernel': 'linear'}"
Support vector machine,2,female,"{'clf__estimator__C': np.float64(0.001), 'clf__estimator__gamma': 'scale', 'clf__estimator__kernel': 'linear'}"
Support vector machine,3,male,"{'clf__estimator__C': np.float64(10.0), 'clf__estimator__gamma': 'scale', 'clf__estimator__kernel': 'linear'}"
Support vector machine,3,female,"{'clf__estimator__C': np.float64(0.1), 'clf__estimator__gamma': 'scale', 'clf__estimator__kernel': 'linear'}"
Support vector machine,4,male,"{'clf__estimator__C': np.float64(1.0), 'clf__estimator__gamma': 'scale', 'clf__estimator__kernel': 'rbf'}"
Support vector machine,4,female,"{'clf__estimator__C': np.float64(0.01), 'clf__estimator__gamma': 'scale', 'clf__estimator__kernel': 'rbf'}"
Support vector machine,5,male,"{'clf__estimator__C': np.float64(0.01), 'clf__estimator__gamma': 'scale', 'clf__estimator__kernel': 'linear'}"
Support vector machine,5,female,"{'clf__estimator__C': np.float64(100.0), 'clf__estimator__gamma': 'scale', 'clf__estimator__kernel': 'rbf'}"
Support vector machine,6,male,"{'clf__estimator__C': np.float64(0.01), 'clf__estimator__gamma': 'scale', 'clf__estimator__kernel': 'linear'}"
Support vector machine,6,female,"{'clf__estimator__C': np.float64(0.1), 'clf__estimator__gamma': 'scale', 'clf__estimator__kernel': 'linear'}"
Support vector machine,7,male,"{'clf__estimator__C': np.float64(0.01), 'clf__estimator__gamma': 'scale', 'clf__estimator__kernel': 'linear'}"
Support vector machine,7,female,"{'clf__estimator__C': np.float64(0.1), 'clf__estimator__gamma': 'scale', 'clf__estimator__kernel': 'linear'}"
Support vector machine,8,male,"{'clf__estimator__C': np.float64(0.01), 'clf__estimator__gamma': 'scale', 'clf__estimator__kernel': 'linear'}"
Support vector machine,8,female,"{'clf__estimator__C': np.float64(10.0), 'clf__estimator__gamma': 'scale', 'clf__estimator__kernel': 'rbf'}"
Support vector machine,9,male,"{'clf__estimator__C': np.float64(0.01), 'clf__estimator__gamma': 'scale', 'clf__estimator__kernel': 'linear'}"
Support vector machine,9,female,"{'clf__estimator__C': np.float64(0.001), 'clf__estimator__gamma': 'scale', 'clf__estimator__kernel': 'linear'}"
