model,fold,cluster,n_train,n_val,accuracy,f1,roc_auc
Logistic regression,0,0,114,13,0.8461538461538461,0.9,0.7222222222222222
Logistic regression,0,1,153,17,0.7647058823529411,0.6,0.6833333333333333
Random forest,0,0,114,13,0.7692307692307693,0.8571428571428571,0.7777777777777778
Random forest,0,1,153,17,0.7058823529411765,0.0,0.7666666666666666
Support vector machine,0,0,114,13,0.7692307692307693,0.8421052631578947,0.7777777777777778
Support vector machine,0,1,153,17,0.7647058823529411,0.5,0.6833333333333333
Logistic regression,1,0,114,12,0.9166666666666666,0.9523809523809523,0.9
Logistic regression,1,1,153,18,0.9444444444444444,0.8571428571428571,1.0
Random forest,1,0,114,12,0.8333333333333334,0.9090909090909091,0.9
Random forest,1,1,153,18,0.8888888888888888,0.5,0.9555555555555556
Support vector machine,1,0,114,12,0.8333333333333334,0.9090909090909091,0.8
Support vector machine,1,1,153,18,0.8888888888888888,0.6666666666666666,0.9333333333333333
Logistic regression,2,0,120,8,0.875,0.9230769230769231,1.0
Logistic regression,2,1,147,22,0.8636363636363636,0.7272727272727273,0.8761904761904762
Random forest,2,0,120,8,0.875,0.9333333333333333,1.0
Random forest,2,1,147,22,0.7272727272727273,0.25,0.8952380952380952
Support vector machine,2,0,120,8,0.875,0.9333333333333333,0.8571428571428571
Support vector machine,2,1,147,22,0.7272727272727273,0.4,0.819047619047619
Logistic regression,3,0,113,14,0.7857142857142857,0.8695652173913043,0.6666666666666667
Logistic regression,3,1,154,16,0.75,0.6,0.8461538461538461
Random forest,3,0,113,14,0.7857142857142857,0.88,0.6666666666666666
Random forest,3,1,154,16,0.875,0.5,0.8717948717948717
Support vector machine,3,0,113,14,0.9285714285714286,0.9565217391304348,0.6666666666666667
Support vector machine,3,1,154,16,0.75,0.3333333333333333,0.7692307692307692
Logistic regression,4,0,111,11,0.7272727272727273,0.8235294117647058,1.0
Logistic regression,4,1,156,19,0.7894736842105263,0.3333333333333333,0.8
Random forest,4,0,111,11,1.0,1.0,1.0
Random forest,4,1,156,19,0.7894736842105263,0.0,0.8166666666666667
Support vector machine,4,0,111,11,0.9090909090909091,0.9473684210526315,1.0
Support vector machine,4,1,156,19,0.8421052631578947,0.5714285714285714,0.7666666666666666
Logistic regression,5,0,115,14,0.8571428571428571,0.9166666666666666,0.5833333333333333
Logistic regression,5,1,152,16,0.8125,0.0,0.5357142857142858
Random forest,5,0,115,14,0.8571428571428571,0.9230769230769231,0.75
Random forest,5,1,152,16,0.875,0.0,0.6428571428571428
Support vector machine,5,0,115,14,0.8571428571428571,0.9166666666666666,0.5833333333333333
Support vector machine,5,1,152,16,0.8125,0.0,0.5
Logistic regression,6,0,152,19,0.7894736842105263,0.0,0.8166666666666668
Logistic regression,6,1,115,11,0.9090909090909091,0.9473684210526315,1.0
Random forest,6,0,152,19,0.7894736842105263,0.0,0.8666666666666667
Random forest,6,1,115,11,0.9090909090909091,0.9523809523809523,1.0
Support vector machine,6,0,152,19,0.7894736842105263,0.0,0.7833333333333333
Support vector machine,6,1,115,11,0.9090909090909091,0.9473684210526315,0.9
Logistic regression,7,0,112,12,0.9166666666666666,0.9565217391304348,0.45454545454545453
Logistic regression,7,1,156,17,0.8823529411764706,0.5,0.8333333333333334
Random forest,7,0,112,12,0.9166666666666666,0.9565217391304348,0.8181818181818182
Random forest,7,1,156,17,0.8823529411764706,0.0,0.9333333333333333
Support vector machine,7,0,112,12,0.9166666666666666,0.9565217391304348,0.5454545454545454
Support vector machine,7,1,156,17,0.8823529411764706,0.0,0.8333333333333334
Logistic regression,8,0,113,15,0.6666666666666666,0.8,0.8409090909090908
Logistic regression,8,1,155,14,0.9285714285714286,0.6666666666666666,0.9583333333333333
Random forest,8,0,113,15,0.7333333333333333,0.8461538461538461,0.7045454545454546
Random forest,8,1,155,14,0.9285714285714286,0.6666666666666666,1.0
Support vector machine,8,0,113,15,0.7333333333333333,0.8461538461538461,0.8409090909090909
Support vector machine,8,1,155,14,0.9285714285714286,0.6666666666666666,0.7916666666666666
Logistic regression,9,0,113,14,0.9285714285714286,0.9565217391304348,1.0
Logistic regression,9,1,155,15,0.8,0.4,0.7222222222222222
Random forest,9,0,113,14,0.7857142857142857,0.88,1.0
Random forest,9,1,155,15,0.8,0.0,0.75
Support vector machine,9,0,113,14,0.7857142857142857,0.88,1.0
Support vector machine,9,1,155,15,0.8,0.0,0.7222222222222222
