fold,k_used,fallback_reason,train_cluster_sizes,train_cluster_disease_rates,val_cluster_sizes
0,2,,"[114, 153]","[np.float64(0.82), np.float64(0.19)]","[13, 17]"
1,2,,"[114, 153]","[np.float64(0.81), np.float64(0.21)]","[12, 18]"
2,2,,"[120, 147]","[np.float64(0.81), np.float64(0.18)]","[8, 22]"
3,2,,"[113, 154]","[np.float64(0.82), np.float64(0.19)]","[14, 16]"
4,2,,"[111, 156]","[np.float64(0.82), np.float64(0.21)]","[11, 19]"
5,2,,"[115, 152]","[np.float64(0.8), np.float64(0.2)]","[14, 16]"
6,2,,"[152, 115]","[np.float64(0.2), np.float64(0.8)]","[19, 11]"
7,2,,"[112, 156]","[np.float64(0.81), np.float64(0.21)]","[12, 17]"
8,2,,"[113, 155]","[np.float64(0.82), np.float64(0.2)]","[15, 14]"
9,2,,"[113, 155]","[np.float64(0.81), np.float64(0.2)]","[14, 15]"
