model,fold,cluster,best_params
Logistic regression,0,0,"{'clf__C': np.float64(0.1668100537200059), 'clf__l1_ratio': 0.0}"
Logistic regression,0,1,"{'clf__C': np.float64(0.003593813663804626), 'clf__l1_ratio': 0.0}"
Random forest,0,0,"{'clf__max_depth': 5, 'clf__min_samples_leaf': 4, 'clf__n_estimators': 100}"
Random forest,0,1,"{'clf__max_depth': 3, 'clf__min_samples_leaf': 8, 'clf__n_estimators': 50}"
Support vector machine,0,0,"{'clf__estimator__C': np.float64(0.01), 'clf__estimator__gamma': 'scale', 'clf__estimator__kernel': 'rbf'}"
Support vector machine,0,1,"{'clf__estimator__C': np.float64(0.001), 'clf__estimator__gamma': 'scale', 'clf__estimator__kernel': 'linear'}"
Logistic regression,1,0,"{'clf__C': np.float64(0.1668100537200059), 'clf__l1_ratio': 0.0}"
Logistic regression,1,1,"{'clf__C': np.float64(0.003593813663804626), 'clf__l1_ratio': 0.0}"
Random forest,1,0,"{'clf__max_depth': 3, 'clf__min_samples_leaf': 2, 'clf__n_estimators': 50}"
Random forest,1,1,"{'clf__max_depth': 4, 'clf__min_samples_leaf': 4, 'clf__n_estimators': 100}"
Support vector machine,1,0,"{'clf__estimator__C': np.float64(0.1), 'clf__estimator__gamma': 'scale', 'clf__estimator__kernel': 'linear'}"
Support vector machine,1,1,"{'clf__estimator__C': np.float64(0.001), 'clf__estimator__gamma': 'scale', 'clf__estimator__kernel': 'rbf'}"
Logistic regression,2,0,"{'clf__C': np.float64(0.5994842503189409), 'clf__l1_ratio': 0.0}"
Logistic regression,2,1,"{'clf__C': np.float64(0.001), 'clf__l1_ratio': 0.0}"
Random forest,2,0,"{'clf__max_depth': 4, 'clf__min_samples_leaf': 2, 'clf__n_estimators': 50}"
Random forest,2,1,"{'clf__max_depth': 4, 'clf__min_samples_leaf': 4, 'clf__n_estimators': 100}"
Support vector machine,2,0,"{'clf__estimator__C': np.float64(10.0), 'clf__estimator__gamma': 'scale', 'clf__estimator__kernel': 'rbf'}"
Support vector machine,2,1,"{'clf__estimator__C': np.float64(0.1), 'clf__estimator__gamma': 'scale', 'clf__estimator__kernel': 'rbf'}"
Logistic regression,3,0,"{'clf__C': np.float64(0.5994842503189409), 'clf__l1_ratio': 1.0}"
Logistic regression,3,1,"{'clf__C': np.float64(0.001), 'clf__l1_ratio': 0.0}"
Random forest,3,0,"{'clf__max_depth': 2, 'clf__min_samples_leaf': 8, 'clf__n_estimators': 50}"
Random forest,3,1,"{'clf__max_depth': 5, 'clf__min_samples_leaf': 4, 'clf__n_estimators': 50}"
Support vector machine,3,0,"{'clf__estimator__C': np.float64(0.001), 'clf__estimator__gamma': 'scale', 'clf__estimator__kernel': 'rbf'}"
Support vector machine,3,1,"{'clf__estimator__C': np.float64(0.1), 'clf__estimator__gamma': 'scale', 'clf__estimator__kernel': 'rbf'}"
Logistic regression,4,0,"{'clf__C': np.float64(0.001), 'clf__l1_ratio': 0.0}"
Logistic regression,4,1,"{'clf__C': np.float64(0.1668100537200059), 'clf__l1_ratio': 0.0}"
Random forest,4,0,"{'clf__max_depth': 5, 'clf__min_samples_leaf': 4, 'clf__n_estimators': 50}"
Random forest,4,1,"{'clf__max_depth': 4, 'clf__min_samples_leaf': 8, 'clf__n_estimators': 100}"
Support vector machine,4,0,"{'clf__estimator__C': np.float64(0.1), 'clf__estimator__gamma': 'scale', 'clf__estimator__kernel': 'linear'}"
Support vector machine,4,1,"{'clf__estimator__C': np.float64(10.0), 'clf__estimator__gamma': 'scale', 'clf__estimator__kernel': 'rbf'}"
Logistic regression,5,0,"{'clf__C': np.float64(0.5994842503189409), 'clf__l1_ratio': 1.0}"
Logistic regression,5,1,"{'clf__C': np.float64(0.046415888336127795), 'clf__l1_ratio': 0.0}"
Random forest,5,0,"{'clf__max_depth': 2, 'clf__min_samples_leaf': 2, 'clf__n_estimators': 50}"
Random forest,5,1,"{'clf__max_depth': 5, 'clf__min_samples_leaf': 8, 'clf__n_estimators': 100}"
Support vector machine,5,0,"{'clf__estimator__C': np.float64(0.1), 'clf__estimator__gamma': 'scale', 'clf__estimator__kernel': 'rbf'}"
Support vector machine,5,1,"{'clf__estimator__C': np.float64(0.001), 'clf__estimator__gamma': 'scale', 'clf__estimator__kernel': 'linear'}"
Logistic regression,6,0,"{'clf__C': np.float64(0.001), 'clf__l1_ratio': 0.0}"
Logistic regression,6,1,"{'clf__C': np.float64(0.003593813663804626), 'clf__l1_ratio': 0.0}"
Random forest,6,0,"{'clf__max_depth': 4, 'clf__min_samples_leaf': 2, 'clf__n_estimators': 50}"
Random forest,6,1,"{'clf__max_depth': 2, 'clf__min_samples_leaf': 4, 'clf__n_estimators': 50}"
Support vector machine,6,0,"{'clf__estimator__C': np.float64(0.01), 'clf__estimator__gamma': 'scale', 'clf__estimator__kernel': 'rbf'}"
Support vector machine,6,1,"{'clf__estimator__C': np.float64(0.1), 'clf__estimator__gamma': 'scale', 'clf__estimator__kernel': 'rbf'}"
Logistic regression,7,0,"{'clf__C': np.float64(0.046415888336127795), 'clf__l1_ratio': 0.0}"
Logistic regression,7,1,"{'clf__C': np.float64(0.003593813663804626), 'clf__l1_ratio': 0.0}"
Random forest,7,0,"{'clf__max_depth': 5, 'clf__min_samples_leaf': 4, 'clf__n_estimators': 100}"
Random forest,7,1,"{'clf__max_depth': 4, 'clf__min_samples_leaf': 8, 'clf__n_estimators': 100}"
Support vector machine,7,0,"{'clf__estimator__C': np.float64(100.0), 'clf__estimator__gamma': 'scale', 'clf__estimator__kernel': 'linear'}"
Support vector machine,7,1,"{'clf__estimator__C': np.float64(0.001), 'clf__estimator__gamma': 'scale', 'clf__estimator__kernel': 'linear'}"
Logistic regression,8,0,"{'clf__C': np.float64(0.046415888336127795), 'clf__l1_ratio': 0.0}"
Logistic regression,8,1,"{'clf__C': np.float64(0.01291549665014884), 'clf__l1_ratio': 0.0}"
Random forest,8,0,"{'clf__max_depth': 4, 'clf__min_samples_leaf': 4, 'clf__n_estimators': 100}"
Random forest,8,1,"{'clf__max_depth': 4, 'clf__min_samples_leaf': 4, 'clf__n_estimators': 100}"
Support vector machine,8,0,"{'clf__estimator__C': np.float64(10.0), 'clf__estimator__gamma': 'scale', 'clf__estimator__kernel': 'linear'}"
Support vector machine,8,1,"{'clf__estimator__C': np.float64(10.0), 'clf__estimator__gamma': 'scale', 'clf__estimator__kernel': 'rbf'}"
Logistic regression,9,0,"{'clf__C': np.float64(0.046415888336127795), 'clf__l1_ratio': 0.0}"
Logistic regression,9,1,"{'clf__C': np.float64(0.01291549665014884), 'clf__l1_ratio': 0.0}"
Random forest,9,0,"{'clf__max_depth': 2, 'clf__min_samples_leaf': 8, 'clf__n_estimators': 50}"
Random forest,9,1,"{'clf__max_depth': 5, 'clf__min_samples_leaf': 8, 'clf__n_estimators': 50}"
Support vector machine,9,0,"{'clf__estimator__C': np.float64(0.001), 'clf__estimator__gamma': 'scale', 'clf__estimator__kernel': 'linear'}"
Support vector machine,9,1,"{'clf__estimator__C': np.float64(0.01), 'clf__estimator__gamma': 'scale', 'clf__estimator__kernel': 'rbf'}"
