model,fold,accuracy,f1,roc_auc,roc_auc_within_group
Logistic regression,0,0.8,0.8,0.8258928571428572,0.7001851851851852
Logistic regression,1,0.9333333333333333,0.9285714285714286,0.9773755656108597,0.9600000000000001
Logistic regression,2,0.8666666666666667,0.8333333333333334,0.875,0.9092063492063491
Logistic regression,3,0.7666666666666667,0.7878787878787878,0.8392857142857143,0.7623931623931625
Logistic regression,4,0.7666666666666667,0.6956521739130435,0.8928571428571429,0.8733333333333334
Logistic regression,5,0.8333333333333334,0.8148148148148148,0.8348214285714286,0.5579365079365081
Logistic regression,6,0.8333333333333334,0.782608695652174,0.9017857142857143,0.883888888888889
Logistic regression,7,0.896551724137931,0.8888888888888888,0.9375,0.6765935214211076
Logistic regression,8,0.7931034482758621,0.7857142857142857,0.9278846153846154,0.8975966562173459
Logistic regression,9,0.8620689655172413,0.8571428571428571,0.9238095238095237,0.8563218390804599
Random forest,0,0.7333333333333333,0.6923076923076923,0.8125,0.7714814814814814
Random forest,1,0.8666666666666667,0.8461538461538461,0.9547511312217194,0.9333333333333333
Random forest,2,0.7666666666666667,0.6956521739130435,0.9196428571428571,0.9231746031746031
Random forest,3,0.8333333333333334,0.8275862068965517,0.8883928571428572,0.7760683760683759
Random forest,4,0.8666666666666667,0.8333333333333334,0.9330357142857143,0.8838888888888888
Random forest,5,0.8666666666666667,0.8571428571428571,0.9107142857142857,0.6928571428571428
Random forest,6,0.8333333333333334,0.8,0.9464285714285714,0.9155555555555556
Random forest,7,0.896551724137931,0.88,0.9711538461538461,0.8856844305120168
Random forest,8,0.8275862068965517,0.8275862068965517,0.8990384615384616,0.84717868338558
Random forest,9,0.7931034482758621,0.7857142857142857,0.9142857142857143,0.8706896551724138
Support vector machine,0,0.7666666666666667,0.7407407407407407,0.8080357142857143,0.7242592592592593
Support vector machine,1,0.8666666666666667,0.8571428571428571,0.9502262443438914,0.8800000000000001
Support vector machine,2,0.7666666666666667,0.72,0.8839285714285714,0.8292063492063492
Support vector machine,3,0.8333333333333334,0.8275862068965517,0.875,0.7213675213675214
Support vector machine,4,0.8666666666666667,0.8461538461538461,0.9285714285714286,0.8522222222222222
Support vector machine,5,0.8333333333333334,0.8148148148148148,0.8705357142857142,0.5388888888888889
Support vector machine,6,0.8333333333333334,0.782608695652174,0.9241071428571429,0.826111111111111
Support vector machine,7,0.896551724137931,0.88,0.9423076923076923,0.7142110762800418
Support vector machine,8,0.8275862068965517,0.8275862068965517,0.9086538461538461,0.8171368861024033
Support vector machine,9,0.7931034482758621,0.7857142857142857,0.9095238095238095,0.8563218390804599
